{"IcoMoonType":"selection","icons":[{"icon":{"paths":["M608 192h160v-192h-160c-123.514 0-224 100.486-224 224v96h-128v192h128v512h192v-512h160l32-192h-192v-96c0-17.346 14.654-32 32-32z"],"tags":["facebook","brand","social"],"defaultCode":60048,"grid":16,"attrs":[]},"attrs":[],"properties":{"ligatures":"facebook, brand10","name":"facebook","order":4,"id":401,"prevSize":32,"code":60048},"setIdx":0,"setId":1,"iconIdx":400},{"icon":{"paths":["M1024 226.4c-37.6 16.8-78.2 28-120.6 33 43.4-26 76.6-67.2 92.4-116.2-40.6 24-85.6 41.6-133.4 51-38.4-40.8-93-66.2-153.4-66.2-116 0-210 94-210 210 0 16.4 1.8 32.4 5.4 47.8-174.6-8.8-329.4-92.4-433-219.6-18 31-28.4 67.2-28.4 105.6 0 72.8 37 137.2 93.4 174.8-34.4-1-66.8-10.6-95.2-26.2 0 0.8 0 1.8 0 2.6 0 101.8 72.4 186.8 168.6 206-17.6 4.8-36.2 7.4-55.4 7.4-13.6 0-26.6-1.4-39.6-3.8 26.8 83.4 104.4 144.2 196.2 146-72 56.4-162.4 90-261 90-17 0-33.6-1-50.2-3 93.2 59.8 203.6 94.4 322.2 94.4 386.4 0 597.8-320.2 597.8-597.8 0-9.2-0.2-18.2-0.6-27.2 41-29.4 76.6-66.4 104.8-108.6z"],"tags":["twitter","brand","tweet","social"],"defaultCode":60054,"grid":16,"attrs":[]},"attrs":[],"properties":{"ligatures":"twitter, brand16","name":"twitter","order":5,"id":407,"prevSize":32,"code":60054},"setIdx":0,"setId":1,"iconIdx":406},{"icon":{"paths":["M1013.8 307.2c0 0-10-70.6-40.8-101.6-39-40.8-82.6-41-102.6-43.4-143.2-10.4-358.2-10.4-358.2-10.4h-0.4c0 0-215 0-358.2 10.4-20 2.4-63.6 2.6-102.6 43.4-30.8 31-40.6 101.6-40.6 101.6s-10.2 82.8-10.2 165.8v77.6c0 82.8 10.2 165.8 10.2 165.8s10 70.6 40.6 101.6c39 40.8 90.2 39.4 113 43.8 82 7.8 348.2 10.2 348.2 10.2s215.2-0.4 358.4-10.6c20-2.4 63.6-2.6 102.6-43.4 30.8-31 40.8-101.6 40.8-101.6s10.2-82.8 10.2-165.8v-77.6c-0.2-82.8-10.4-165.8-10.4-165.8zM406.2 644.8v-287.8l276.6 144.4-276.6 143.4z"],"tags":["youtube","brand","social"],"defaultCode":60061,"grid":16,"attrs":[]},"attrs":[],"properties":{"ligatures":"youtube, brand21","name":"youtube","order":6,"id":414,"prevSize":32,"code":60061},"setIdx":0,"setId":1,"iconIdx":413}],"height":1024,"metadata":{"name":"icomoon"},"preferences":{"showGlyphs":true,"showQuickUse":true,"showQuickUse2":true,"showSVGs":true,"fontPref":{"prefix":"icon-","metadata":{"fontFamily":"icomoon"},"metrics":{"emSize":1024,"baseline":6.25,"whitespace":50},"embed":false},"imagePref":{"prefix":"icon-","png":true,"useClassSelector":true,"color":0,"bgColor":16777215,"classSelector":".icon"},"historySize":50,"showCodes":true,"gridSize":16}}